アッパレ,カスタム名詞,アッパレ
アッパレ173,カスタム名詞,アッパレ173
伊波杏樹,カスタム名詞,イナミアンジュ
伊波,カスタム名詞,イナミ
杏樹,カスタム名詞,アンジュ
いなみ,カスタム名詞,イナミ
あんじゅ,カスタム名詞,アンジュ
ラブライブ,カスタム名詞,ラブライブ
Aqours,カスタム名詞,Aqours
CYaRon,カスタム名詞,CYaRon
朗読劇,カスタム名詞,ロウドクゲキ
舞台,カスタム名詞,ブタイ
スマホカバー,カスタム名詞,スマホカバー
ななか,カスタム名詞,ナナカ
みけちゃん,カスタム名詞,ミケチャン
スマホ,カスタム名詞,スマホ
スマフォ,カスタム名詞,スマフォ
浦ラジ,カスタム名詞,ウララジ
ハジマリロード,カスタム名詞,ハジマリロード
スリワン,カスタム名詞,スリワン
スリリング・ワンウェイ,カスタム名詞,スリリング・ワンウェイ
スリリング,カスタム名詞,スリリング
ワンウェイ,カスタム名詞,ワンウェイ
あんちゃん,カスタム名詞,アンチャン
杏ちゃん,カスタム名詞,アンチャン
MBS,カスタム名詞,エムビーエス
ＭＢＳ,カスタム名詞,エムビーエス
激落ちくん,カスタム名詞,ゲキオチクン
気持ち,カスタム名詞,キモチ